<?xml version="1.0" encoding="UTF-8" standalone="no"?>
<game accelFramerate="0" adsPosition="0" aheight="320" androidMinVersion="0" androidTargetVersion="7" antialias="false" appName="Platformer" appType="0" atlasBindingDefault="false" author="" authorURL="" autoRotate="false" awidth="480" backgroundColor="-16777216" barBackgroundColor="-13421773" barColor="-1" barHeight="6" barLocation="0" barOffsetX="0" barOffsetXPhone="0" barOffsetXTablet="0" barOffsetY="0" barOffsetYPhone="0" barOffsetYTablet="0" barScalePhone="1.0" barScaleTablet="2.0" barWidth="200" bindAllAtlasesDefault="false" borderColor="-13421773" borderThickness="0" bundleID="com.company.gamename" bundleVersion="1.0" checksum="none" cws-desc="" cws-icon128="/Users/jon/128.png" cws-icon16="" cws-name="Platformer" cws-version="1.0" default="0" defaultFramerate="60" defaultSceneID="0" desc="" desktopScale="1x" desktopScaleMode="1" disableBackButton="false" enableGPG="false" enablePurchases="false" format="3.4.0" gameid="-1" googleAppID="" haxeExtras="" height="320" internalVersion="1" internalVersionIOS="1" kit="false" lockURL="" macBundleID="com.yourcompany.gamename" maxScaleAndroid="4x" maxScaleDesktop="4x" maxScaleIOS="4x" maxScaleWeb="4x" metroColor="-12566464" multitouch="true" name="Platformer" openflExtras="" openflLegacy="true" orientation="1" physicsMode="0" pixelsnap="false" preloaderstyle="0" products="" scale="1" scaleModeAndroid="0" scaleModeDesktop="0" scaleModeIOS="0" scaleModeWeb="0" showAds="false" simulatorOS="0.0" simulatorTargetOS="0.0" splashStyle="0" startInFullScreenDesktop="false" startInFullScreenWeb="false" swfHeight="0" swfWidth="0" swfX="0" swfY="0" swfloc="" telemetry="false" testAds="false" useGlossyIcon="false" webScale="1x" width="480" windowsAppName="" windowsAuthor="" windowsBundleID="com.yourcompany.gamename">
    <exts>
        <e enabled="false" id="date"/>
        <e enabled="false" id="dialog"/>
        <e enabled="false" id="test"/>
        <e enabled="false" id="myplaygames"/>
        <e enabled="false" id="test-native"/>
        <e enabled="false" id="spine"/>
        <e enabled="false" id="label"/>
        <e enabled="false" id="admob"/>
        <e enabled="false" id="attribute-saving"/>
        <e enabled="false" id="tileapi"/>
        <e enabled="false" id="test-flash"/>
    </exts>
    <scales>
        <scale detailed="1x" id="0" name="1x" size="1.0"/>
        <scale detailed="1.5x" id="1" name="1.5x" size="1.5"/>
        <scale detailed="2x" id="2" name="2x" size="2.0"/>
        <scale detailed="3x" id="3" name="3x" size="3.0"/>
        <scale detailed="4x" id="4" name="4x" size="4.0"/>
    </scales>
    <projectScales>
        <scale enabled="true" name="1x"/>
        <scale enabled="true" name="1.5x"/>
        <scale enabled="true" name="2x"/>
        <scale enabled="true" name="3x"/>
        <scale enabled="true" name="4x"/>
    </projectScales>
    <webScales>
        <scale enabled="true" name="1x"/>
        <scale enabled="true" name="1.5x"/>
        <scale enabled="true" name="2x"/>
        <scale enabled="false" name="3x"/>
        <scale enabled="true" name="4x"/>
    </webScales>
    <desktopScales>
        <scale enabled="true" name="1x"/>
        <scale enabled="true" name="1.5x"/>
        <scale enabled="true" name="2x"/>
        <scale enabled="false" name="3x"/>
        <scale enabled="true" name="4x"/>
    </desktopScales>
    <iOSScales>
        <scale enabled="true" name="1x"/>
        <scale enabled="true" name="1.5x"/>
        <scale enabled="true" name="2x"/>
        <scale enabled="false" name="3x"/>
        <scale enabled="true" name="4x"/>
    </iOSScales>
    <androidScales>
        <scale enabled="true" name="1x"/>
        <scale enabled="true" name="1.5x"/>
        <scale enabled="true" name="2x"/>
        <scale enabled="false" name="3x"/>
        <scale enabled="true" name="4x"/>
    </androidScales>
    <folders/>
    <packs/>
    <groups>
        <group desc="" id="4" name="Objects"/>
        <group desc="" id="5" name="NoCollision"/>
        <group desc="" id="6" name="text"/>
        <group desc="" id="7" name="Elevator"/>
    </groups>
    <cgroups>
        <cgroup g1="0" g2="1"/>
        <cgroup g1="0" g2="3"/>
        <cgroup g1="0" g2="4"/>
        <cgroup g1="0" g2="6"/>
        <cgroup g1="0" g2="7"/>
        <cgroup g1="1" g2="4"/>
        <cgroup g1="3" g2="3"/>
    </cgroups>
    <input>
        <key id="0" keyname="UP" name="up" vk="38" vks="38"/>
        <key id="1" keyname="DOWN" name="down" vk="40" vks="40"/>
        <key id="2" keyname="LEFT" name="left" vk="37" vks="37"/>
        <key id="3" keyname="RIGHT" name="right" vk="39" vks="39"/>
    </input>
    <attcats>
        <cat id="-1" name="Default"/>
    </attcats>
    <props/>
    <attributes>
        <number cid="-1" id="4" name="Timer" save="true" value="0.0"/>
        <boolean cid="-1" id="3" name="Bool" save="true" value="false"/>
        <boolean cid="-1" id="1" name="PausePlayer" save="true" value="false"/>
        <text cid="-1" id="2" name="AffichageTexte" save="true" value="0"/>
        <number cid="-1" id="0" name="SoundCat" save="true" value="0.0"/>
    </attributes>
    <collisions>
        <poly id="1" name="Square" pts="0.0,0.0#0.0,1.0#1.0,1.0#1.0,0.0"/>
        <poly id="2" name="Tri 45R" pts="0.0,0.0#0.0,1.0#1.0,1.0"/>
        <poly id="3" name="Tri 45L" pts="1.0,0.0#0.0,1.0#1.0,1.0"/>
        <poly id="4" name="Tri 45R Inv" pts="0.0,0.0#0.0,1.0#1.0,0.0"/>
        <poly id="5" name="Tri 45L Inv" pts="0.0,0.0#1.0,1.0#1.0,0.0"/>
        <poly id="6" name="Tri 30R" pts="0.0,1.0#1.0,1.0#1.0,0.5"/>
        <poly id="7" name="Tri 30L" pts="0.0,0.5#0.0,1.0#1.0,1.0"/>
        <poly id="8" name="Tri 30-2R" pts="0.0,0.5#0.0,1.0#1.0,1.0#1.0,0.0"/>
        <poly id="9" name="Tri 30-2L" pts="0.0,0.0#0.0,1.0#1.0,1.0#1.0,0.5"/>
        <poly id="10" name="Tri 30R Inv" pts="0.0,0.0#1.0,0.5#1.0,0.0"/>
        <poly id="11" name="Tri 30L Inv" pts="0.0,0.0#0.0,0.5#1.0,0.0"/>
        <poly id="12" name="Tri 30-2R Inv" pts="0.0,0.0#0.0,0.5#1.0,1.0#1.0,0.0"/>
        <poly id="13" name="Tri 30-2L Inv" pts="0.0,0.0#0.0,1.0#1.0,0.5#1.0,0.0"/>
        <poly id="14" name="Tri 60R" pts="0.5,1.0#1.0,1.0#1.0,0.0"/>
        <poly id="15" name="Tri 60L" pts="0.0,0.0#0.0,1.0#0.5,1.0"/>
        <poly id="16" name="Tri 60-2R" pts="0.5,0.0#0.0,1.0#1.0,1.0#1.0,0.0"/>
        <poly id="17" name="Tri 60-2L" pts="0.0,0.0#0.0,1.0#1.0,1.0#0.5,0.0"/>
        <poly id="18" name="Tri 60R Inv" pts="0.5,0.0#1.0,1.0#1.0,0.0"/>
        <poly id="19" name="Tri 60L Inv" pts="0.0,0.0#0.0,1.0#0.5,0.0"/>
        <poly id="20" name="Tri 60-2R Inv" pts="0.0,0.0#0.5,1.0#1.0,1.0#1.0,0.0"/>
        <poly id="21" name="Tri 60-2L Inv" pts="0.0,0.0#0.0,1.0#0.5,1.0#1.0,0.0"/>
    </collisions>
    <autotileFormats/>
    <atlases>
        <atlas allScenes="true" desc="" dirty="false" id="0" members="3,163," name="Main Atlas (Default)" pvr="false" resize="0" target="0"/>
        <atlas allScenes="true" desc="" dirty="false" id="1" members="23,76,78," name="Atlas 2" pvr="false" resize="0" target="0"/>
        <atlas allScenes="true" desc="" dirty="true" id="2" members="" name="Atlas 3" pvr="false" resize="0" target="0"/>
        <atlas allScenes="true" desc="" dirty="true" id="3" members="" name="Atlas 4" pvr="false" resize="0" target="0"/>
        <atlas allScenes="true" desc="" dirty="true" id="4" members="" name="Atlas 5" pvr="false" resize="0" target="0"/>
        <atlas allScenes="true" desc="" dirty="true" id="5" members="" name="Atlas 6" pvr="false" resize="0" target="0"/>
        <atlas allScenes="true" desc="" dirty="true" id="6" members="" name="Atlas 7" pvr="false" resize="0" target="0"/>
        <atlas allScenes="true" desc="" dirty="true" id="7" members="" name="Atlas 8" pvr="false" resize="0" target="0"/>
        <atlas allScenes="true" desc="" dirty="true" id="8" members="" name="Atlas 9" pvr="false" resize="0" target="0"/>
        <atlas allScenes="true" desc="" dirty="true" id="9" members="" name="Atlas 10" pvr="false" resize="0" target="0"/>
        <atlas allScenes="true" desc="" dirty="true" id="10" members="" name="Atlas 11" pvr="false" resize="0" target="0"/>
        <atlas allScenes="true" desc="" dirty="true" id="11" members="" name="Atlas 12" pvr="false" resize="0" target="0"/>
        <atlas allScenes="true" desc="" dirty="true" id="12" members="" name="Atlas 13" pvr="false" resize="0" target="0"/>
        <atlas allScenes="true" desc="" dirty="true" id="13" members="" name="Atlas 14" pvr="false" resize="0" target="0"/>
        <atlas allScenes="true" desc="" dirty="true" id="14" members="" name="Atlas 15" pvr="false" resize="0" target="0"/>
        <atlas allScenes="true" desc="" dirty="true" id="15" members="" name="Atlas 16" pvr="false" resize="0" target="0"/>
    </atlases>
    <libraries/>
</game>
