<?xml version="1.0" encoding="UTF-8" standalone="no"?>
<pack>
    <snippet attachedevent="false" class="scripts.Design_7_7_DieinPitandReload" classname="scripts.Design_7_7_DieinPitandReload" desc="Reloads the scene when the actor falls off the screen." description="Reloads the scene when the actor falls off the screen." design="true" drawOrder="0" id="0" name="Die in Pit and Reload" oid="-1" package="scripts" shared="false" type="actor">
        <actor default="thisactor" defaultValue="thisactor" desc="" dropdown="" fullname="Actor" hidden="true" id="2147483647" name="actor" order="2147483647"/>
        <blocks/>
        <events>
            <event displayName="Updated" enabled="true" id="1" name="step" order="1" repeats="true"/>
        </events>
    </snippet>
    <snippet attachedevent="false" class="scripts.Design_7_7_Jumping" classname="scripts.Design_7_7_Jumping" desc="Platformer jumping." description="Platformer jumping." design="true" drawOrder="0" id="1" name="Jumping" oid="-1" package="scripts" shared="false" type="actor">
        <actor default="thisactor" defaultValue="thisactor" desc="" dropdown="" fullname="Actor" hidden="true" id="2147483647" name="actor" order="0"/>
        <control default="" defaultValue="" desc="Select the key used to jump." dropdown="" fullname="Jump Key" hidden="false" id="1" name="_JumpKey" order="1"/>
        <sound default="" defaultValue="" desc="The sound which wil be played when the payer jumps." dropdown="" fullname="Jump Sound" hidden="false" id="2" name="_JumpSound" order="3"/>
        <number default="40" defaultValue="40" desc="The force the player will jump with." dropdown="" fullname="Jump Force" hidden="false" id="3" name="_JumpForce" order="2"/>
        <animation default="" defaultValue="" desc="Animation used for jumping to the left." dropdown="" fullname="Jump Left Animation" hidden="false" id="4" name="_JumpLeftAnimation" order="5"/>
        <animation default="" defaultValue="" desc="Animation used for jumping to the right." dropdown="" fullname="Jump Right Animation" hidden="false" id="5" name="_JumpRightAnimation" order="4"/>
        <blocks/>
        <events>
            <event displayName="Created" enabled="true" id="1" name="init" order="1" repeats="true"/>
            <event displayName="Updated" enabled="true" id="2" name="step" order="2" repeats="true"/>
            <event displayName="Actor - Any" enabled="true" id="3" name="collide" order="3" repeats="true"/>
        </events>
    </snippet>
    <snippet attachedevent="false" class="scripts.Design_7_7_StompOnEnemies" classname="scripts.Design_7_7_StompOnEnemies" desc="Stomp on top of enemies that have the &quot;Stompable&quot; behavior attached." description="Stomp on top of enemies that have the &quot;Stompable&quot; behavior attached." design="true" drawOrder="0" id="2" name="Stomp On Enemies" oid="-1" package="scripts" shared="false" type="actor">
        <actor default="thisactor" defaultValue="thisactor" desc="" dropdown="" fullname="Actor" hidden="true" id="2147483647" name="actor" order="0"/>
        <actorgroup default="" defaultValue="" desc="What group can this actor stomp on?" dropdown="" fullname="Stompable Group" hidden="false" id="1" name="_StompableGroup" order="1"/>
        <control default="" defaultValue="" desc="Select the key used to jump." dropdown="" fullname="Jump Key" hidden="false" id="2" name="_JumpKey" order="2"/>
        <blocks/>
        <events>
            <event displayName="Actor - Any" enabled="true" id="1" name="collide" order="1" repeats="true"/>
        </events>
    </snippet>
    <snippet attachedevent="false" class="scripts.Design_7_7_Stompable" classname="scripts.Design_7_7_Stompable" desc="Allows the actor to be stomped on by a playable-character with the &quot;Stomp On Enemies&quot; behavior." description="Allows the actor to be stomped on by a playable-character with the &quot;Stomp On Enemies&quot; behavior." design="true" drawOrder="0" id="3" name="Stompable" oid="-1" package="scripts" shared="false" type="actor">
        <actor default="thisactor" defaultValue="thisactor" desc="" dropdown="" fullname="Actor" hidden="true" id="2147483647" name="actor" order="0"/>
        <sound default="" defaultValue="" desc="The sound which wil be played when this actor is being stomped." dropdown="" fullname="Stomped Sound" hidden="false" id="1" name="_StompedSound" order="2"/>
        <animation default="" defaultValue="" desc="The animation which wil be played when this actor is being stomped." dropdown="" fullname="Stomped Animation" hidden="false" id="2" name="_StompedAnimation" order="1"/>
        <number default="40" defaultValue="40" desc="The force the player will be pushed with when stomping on this actor." dropdown="" fullname="Push Player Force" hidden="false" id="3" name="_PushPlayerForce" order="4"/>
        <number default="50" defaultValue="50" desc="The force the player will be pushed with when stomping on this actor whilst holding down the jump key." dropdown="" fullname="Push Player Jump Force" hidden="false" id="4" name="_PushPlayerJumpForce" order="3"/>
        <blocks/>
        <events>
            <event displayName="Created" enabled="true" id="1" name="init" order="1" repeats="true"/>
            <event displayName="Stomped" enabled="true" id="2" name="event-custom" order="2" repeats="true"/>
        </events>
    </snippet>
    <snippet attachedevent="false" class="scripts.Design_7_7_Walking" classname="scripts.Design_7_7_Walking" desc="Left and Right platformer movement." description="Left and Right platformer movement." design="true" drawOrder="0" id="4" name="Walking" oid="-1" package="scripts" shared="false" type="actor">
        <actor default="thisactor" defaultValue="thisactor" desc="" dropdown="" fullname="Actor" hidden="true" id="2147483647" name="actor" order="0"/>
        <animation default="" defaultValue="" desc="Animation used for walking to the right." dropdown="" fullname="Walk Right Animation" hidden="false" id="1" name="_WalkRightAnimation" order="6"/>
        <animation default="" defaultValue="" desc="Animation used for walking to the left." dropdown="" fullname="Walk Left Animation" hidden="false" id="2" name="_WalkLeftAnimation" order="7"/>
        <animation default="" defaultValue="" desc="Animation used for standing still to the left." dropdown="" fullname="Idle Left Animation" hidden="false" id="3" name="_IdleLeftAnimation" order="5"/>
        <animation default="" defaultValue="" desc="Animation used for standing still to the right." dropdown="" fullname="Idle Right Animation" hidden="false" id="4" name="_IdleRightAnimation" order="4"/>
        <control default="" defaultValue="" desc="Select the key used to move to the left." dropdown="" fullname="Move Left Key" hidden="false" id="5" name="_MoveLeftKey" order="2"/>
        <control default="" defaultValue="" desc="Select the key used to move to the right." dropdown="" fullname="Move Right Key" hidden="false" id="6" name="_MoveRightKey" order="1"/>
        <number default="15" defaultValue="15" desc="How fast should the Actor move?&#10;&#10;(default = 15)" dropdown="" fullname="Speed" hidden="false" id="7" name="_Speed" order="3"/>
        <blocks/>
        <events>
            <event displayName="Created" enabled="true" id="1" name="init" order="1" repeats="true"/>
            <event displayName="Updated" enabled="true" id="2" name="step" order="2" repeats="true"/>
        </events>
    </snippet>
    <snippet actorid="3" attachedevent="true" class="scripts.ActorEvents_3" classname="scripts.ActorEvents_3" desc="Actor Specific Events" description="Actor Specific Events" design="true" drawOrder="0" id="5" name="ActorEvents_3" oid="-1" package="scripts." shared="false" type="actor">
        <blocks/>
        <events/>
    </snippet>
    <snippet actorid="5" attachedevent="true" class="scripts.ActorEvents_5" classname="scripts.ActorEvents_5" desc="Actor Specific Events" description="Actor Specific Events" design="true" drawOrder="0" id="6" name="ActorEvents_5" oid="-1" package="scripts." shared="false" type="actor">
        <blocks/>
        <events/>
    </snippet>
    <snippet attachedevent="true" class="scripts.SceneEvents_0" classname="scripts.SceneEvents_0" desc="Scene Specific Events" description="Scene Specific Events" design="true" drawOrder="0" id="7" name="SceneEvents_0" oid="-1" package="scripts." sceneid="0" shared="false" type="scene">
        <blocks/>
        <events/>
    </snippet>
    <snippet attachedevent="false" class="scripts.Design_8_8_IntroTitle" classname="scripts.Design_8_8_IntroTitle" desc="Shows an intro title, which slides away after the specified time." description="Shows an intro title, which slides away after the specified time." design="true" drawOrder="0" id="8" name="Intro Title" oid="-1" package="scripts" shared="false" type="scene">
        <boolean default="false" defaultValue="false" desc="INTERNAL ATTRIBUTE. Whether or not the slide-off has started." dropdown="" fullname="Started" hidden="true" id="5" name="_Started" order="0"/>
        <font default="" defaultValue="" desc="The font to use when drawing the intro title. Specify from the list of fonts you have created in Stencyl." dropdown="" fullname="Font To Use" hidden="false" id="6" name="_FontToUse" order="7"/>
        <number default="1.0" defaultValue="1.0" desc="The amount of time, in seconds, before that the intro title should wait before beginning its exit of the screen." dropdown="" fullname="Time Before Retreat" hidden="false" id="7" name="_TimeBeforeRetreat" order="5"/>
        <number default="0.0" defaultValue="0.0" desc="The y-position, in screen coordinates, of the centre of the Intro Title." dropdown="" fullname="Y Centre Position" hidden="false" id="8" name="_YCentrePosition" order="4"/>
        <text default="" defaultValue="" desc="Show this text in the Intro Title. Leave blank to use the scene's name." dropdown="" fullname="Alternative Text" hidden="false" id="10" name="_AlternativeText" order="6"/>
        <number default="-5.0" defaultValue="-5.0" desc="The initial speed to slide off the screen at." dropdown="" fullname="Slide Speed" hidden="false" id="11" name="_SlideSpeed" order="1"/>
        <boolean default="false" defaultValue="false" desc="Should a rounded rectangle be drawn behind the text?" dropdown="" fullname="Draw Rounded Rectangle?" hidden="false" id="12" name="_DrawRectangle" order="9"/>
        <number default="0.0" defaultValue="0.0" desc="The x-position, in screen coordinates, of the centre of the Intro Title." dropdown="" fullname="X Centre Position" hidden="false" id="13" name="_XCentrePosition" order="3"/>
        <color default="204,255,255,255" defaultValue="204,255,255,255" desc="The fill colour for the rounded rectangle behind the text, if one is drawn." dropdown="" fullname="Fill Colour" hidden="false" id="14" name="_FillColour" order="10"/>
        <color default="153,204,255,255" defaultValue="153,204,255,255" desc="The stroke colour for the rounded rectangle behind the text, if one is drawn. (Stroke is the outline)." dropdown="" fullname="Stroke Colour" hidden="false" id="15" name="_StrokeColour" order="11"/>
        <number default="1.0" defaultValue="1.0" desc="The thickness, in pixels, of the stroke around the outside of the rounded rectangle behind the text, if one is drawn." dropdown="" fullname="Stroke Thickness" hidden="false" id="16" name="_StrokeThickness" order="12"/>
        <number default="4.0" defaultValue="4.0" desc="Padding around the text, in pixels, for the rounded rectangle behind the text, if one is drawn." dropdown="" fullname="Padding" hidden="false" id="17" name="_Padding" order="13"/>
        <number default="2.0" defaultValue="2.0" desc="The amount the rounded rectangle is rounded, if one is drawn. (Use 0 for right-angled corners)." dropdown="" fullname="Rounding" hidden="false" id="18" name="_Rounding" order="14"/>
        <text default="" defaultValue="" desc="The direction the Intro Title slides away to." dropdown="Up=Up&#10;Down=Down&#10;Left=Left&#10;Right=Right" fullname="Slide Direction" hidden="false" id="19" name="_SlideDirection" order="8"/>
        <number default="0.5" defaultValue="0.5" desc="The slide speed is incremented by this value every update." dropdown="" fullname="Slide Speed Change" hidden="false" id="20" name="_SlideSpeedChange" order="2"/>
        <blocks>
            <receiver blockID="113" id="1"/>
            <receiver blockID="15" id="2"/>
            <receiver blockID="16" id="3"/>
            <receiver blockID="18" id="4"/>
            <receiver blockID="111" id="5"/>
            <receiver blockID="112" id="6"/>
        </blocks>
        <events>
            <event displayName="Created" enabled="true" id="1" name="init" order="1" repeats="true"/>
            <event displayName="Updated" enabled="true" id="2" name="step" order="2" repeats="true"/>
            <event displayName="Drawing" enabled="true" id="3" name="draw" order="3" repeats="true"/>
        </events>
    </snippet>
</pack>
