<?xml version="1.0" encoding="UTF-8" standalone="no"?>
<scene depth="5" desc="" eventsnippetid="7" extheight="544" extwidth="3264" extx="-32" exty="-32" format="3.4.0" gravx="-0.0" gravy="10.0" height="480" id="0" name="Level_001" revision="" savecount="0" tiled="1" tileh="32" tilew="32" type="standard" width="3200">
    <layers>
        <color-bg blue="-1" green="-1" red="-1"/>
        <layer blendMode="normal" color="0,255,0" id="1" locked="false" name="Layer 1" opacity="100" order="4" scrollFactorX="1.0" scrollFactorY="1.0" visible="true"/>
        <layer blendMode="normal" color="255,175,175" id="4" locked="false" name="Layer 4" opacity="100" order="3" scrollFactorX="1.0" scrollFactorY="1.0" visible="true"/>
        <layer blendMode="normal" color="255,0,255" id="3" locked="false" name="Layer 3" opacity="100" order="2" scrollFactorX="1.0" scrollFactorY="1.0" visible="true"/>
        <layer blendMode="normal" color="100,168,234" id="0" locked="false" name="Layer 0" opacity="100" order="1" scrollFactorX="1.0" scrollFactorY="1.0" visible="true"/>
        <layer blendMode="normal" color="64,64,64" id="2" locked="false" name="Layer 2" opacity="100" order="0" scrollFactorX="1.0" scrollFactorY="1.0" visible="true"/>
    </layers>
    <joints/>
    <regions/>
    <terrainRegions>
        <terrainRegion b="64" g="64" group="1" h="24" id="0" name="Terrain 0" pts="4,0.0,0.0,0.0,24.0,443.0,24.0,443.0,0.0" r="64" type="box" w="443" x="4" y="447"/>
        <terrainRegion b="64" g="64" group="1" h="31" id="1" name="Terrain 1" pts="4,0.0,0.0,0.0,31.0,161.0,31.0,161.0,0.0" r="64" type="box" w="161" x="543" y="448"/>
        <terrainRegion b="64" g="64" group="1" h="33" id="2" name="Terrain 2" pts="4,0.0,0.0,0.0,33.0,478.0,33.0,478.0,0.0" r="64" type="box" w="478" x="769" y="448"/>
    </terrainRegions>
    <actors>
        <actor a="0.0" aid="1" c="false" group="0" id="3" name="Noni 1" sx="1.0" sy="1.0" x="91" y="415" z="0"/>
    </actors>
    <snippets>
        <s enabled="true" id="8">
            <prop id="5" list="0" val="false"/>
            <prop id="6" list="0" val="-1"/>
            <prop id="7" list="0" val="1.0"/>
            <prop id="8" list="0" val="0.0"/>
            <prop id="10" list="0" val=""/>
            <prop id="11" list="0" val="-5.0"/>
            <prop id="12" list="0" val="false"/>
            <prop id="13" list="0" val="0.0"/>
            <prop id="14" list="0" val="204,255,255,255"/>
            <prop id="15" list="0" val="153,204,255,255"/>
            <prop id="16" list="0" val="1.0"/>
            <prop id="17" list="0" val="4.0"/>
            <prop id="18" list="0" val="2.0"/>
            <prop id="19" list="0" val="Up"/>
            <prop id="20" list="0" val="0.5"/>
        </s>
    </snippets>
    <terrain>
        <p pts="3,0.0,0.0,0.0,32.0,32.0,0.0" x="1920.0" y="416.0"/>
        <p pts="3,32.0,32.0,32.0,0.0,0.0,0.0" x="2624.0" y="384.0"/>
        <p pts="3,32.0,32.0,64.0,0.0,0.0,0.0" x="2560.0" y="384.0"/>
        <p pts="3,0.0,32.0,32.0,0.0,0.0,0.0" x="2432.0" y="352.0"/>
        <p pts="3,0.0,0.0,32.0,32.0,32.0,0.0" x="2464.0" y="352.0"/>
        <p pts="3,32.0,0.0,0.0,0.0,0.0,32.0" x="2848.0" y="320.0"/>
        <p pts="3,32.0,32.0,32.0,0.0,0.0,0.0" x="2432.0" y="416.0"/>
        <p pts="3,0.0,0.0,32.0,32.0,32.0,0.0" x="1952.0" y="416.0"/>
        <p pts="3,0.0,32.0,32.0,0.0,0.0,0.0" x="2464.0" y="384.0"/>
        <p pts="3,0.0,0.0,0.0,32.0,32.0,0.0" x="2880.0" y="320.0"/>
        <p pts="3,32.0,32.0,32.0,0.0,0.0,0.0" x="2528.0" y="384.0"/>
        <p pts="3,0.0,32.0,32.0,0.0,0.0,0.0" x="2944.0" y="384.0"/>
        <p pts="3,0.0,0.0,32.0,32.0,32.0,0.0" x="1984.0" y="384.0"/>
        <p pts="3,0.0,0.0,0.0,32.0,32.0,0.0" x="2848.0" y="384.0"/>
        <p pts="3,32.0,32.0,32.0,0.0,0.0,0.0" x="2944.0" y="320.0"/>
        <p pts="3,32.0,32.0,32.0,0.0,0.0,0.0" x="2976.0" y="384.0"/>
        <p pts="3,0.0,0.0,32.0,32.0,32.0,0.0" x="64.0" y="352.0"/>
        <p pts="3,0.0,0.0,32.0,32.0,32.0,0.0" x="2880.0" y="384.0"/>
        <p pts="3,0.0,32.0,32.0,0.0,0.0,0.0" x="2400.0" y="416.0"/>
        <p pts="3,0.0,32.0,32.0,0.0,0.0,0.0" x="1952.0" y="384.0"/>
        <p pts="4,3200.0,480.0,0.0,480.0,0.0,0.0,3200.0,0.0" x="0.0" y="0.0"/>
    </terrain>
    <atlases members="0,1,2,3," retainAtlases="false"/>
</scene>
